﻿<?xml version="1.0" encoding="utf-8"?><DEFECTS><DEFECT><SFA><FILEPATH>f:\code\visual studio\spamfiltering\spamfiltering\</FILEPATH><FILENAME>dstring.h</FILENAME><LINE>23</LINE><COLUMN>13</COLUMN></SFA><DEFECTCODE>6011</DEFECTCODE><DESCRIPTION>取消对 NULL 指针“ps-&gt;str”的引用。</DESCRIPTION><FUNCTION>Initiate</FUNCTION><DECORATED>Initiate</DECORATED><FUNCLINE>14</FUNCLINE><PROBABILITY>1</PROBABILITY><RANK>4</RANK><CATEGORY><RULECATEGORY>mspft</RULECATEGORY></CATEGORY><PATH><SFA><FILEPATH>f:\code\visual studio\spamfiltering\spamfiltering\</FILEPATH><FILENAME>dstring.h</FILENAME><LINE>16</LINE><COLUMN>5</COLUMN></SFA><SFA><FILEPATH>f:\code\visual studio\spamfiltering\spamfiltering\</FILEPATH><FILENAME>dstring.h</FILENAME><LINE>17</LINE><COLUMN>9</COLUMN><KEYEVENT><ID>1</ID><KIND>声明</KIND><IMPORTANCE>Essential</IMPORTANCE><MESSAGE>“*ps”可能为 NULL</MESSAGE></KEYEVENT></SFA><SFA><FILEPATH>f:\code\visual studio\spamfiltering\spamfiltering\</FILEPATH><FILENAME>dstring.h</FILENAME><LINE>18</LINE><COLUMN>15</COLUMN></SFA><SFA><FILEPATH>f:\code\visual studio\spamfiltering\spamfiltering\</FILEPATH><FILENAME>dstring.h</FILENAME><LINE>19</LINE><COLUMN>12</COLUMN></SFA><SFA><FILEPATH>f:\code\visual studio\spamfiltering\spamfiltering\</FILEPATH><FILENAME>dstring.h</FILENAME><LINE>22</LINE><COLUMN>8</COLUMN></SFA><SFA><FILEPATH>f:\code\visual studio\spamfiltering\spamfiltering\</FILEPATH><FILENAME>dstring.h</FILENAME><LINE>22</LINE><COLUMN>15</COLUMN><KEYEVENT><ID>2</ID><KIND>分支</KIND><IMPORTANCE>Full</IMPORTANCE><MESSAGE>进入此循环(假定“i&lt;ps-&gt;length”)</MESSAGE></KEYEVENT></SFA><SFA><FILEPATH>f:\code\visual studio\spamfiltering\spamfiltering\</FILEPATH><FILENAME>dstring.h</FILENAME><LINE>23</LINE><COLUMN>13</COLUMN><KEYEVENT><ID>3</ID><KIND>使用情况</KIND><IMPORTANCE>Essential</IMPORTANCE><MESSAGE>已取消对“*ps”的引用，但可能仍为 NULL</MESSAGE></KEYEVENT></SFA></PATH></DEFECT><DEFECT><SFA><FILEPATH>f:\code\visual studio\spamfiltering\spamfiltering\</FILEPATH><FILENAME>main.c</FILENAME><LINE>21</LINE><COLUMN>7</COLUMN></SFA><DEFECTCODE>6031</DEFECTCODE><DESCRIPTION>返回值被忽略: “scanf”。</DESCRIPTION><FUNCTION>main</FUNCTION><DECORATED>main</DECORATED><FUNCLINE>9</FUNCLINE><PATH /></DEFECT><DEFECT><SFA><FILEPATH>f:\code\visual studio\spamfiltering\spamfiltering\</FILEPATH><FILENAME>main.c</FILENAME><LINE>33</LINE><COLUMN>8</COLUMN></SFA><DEFECTCODE>6031</DEFECTCODE><DESCRIPTION>返回值被忽略: “scanf”。</DESCRIPTION><FUNCTION>main</FUNCTION><DECORATED>main</DECORATED><FUNCLINE>9</FUNCLINE><PATH /></DEFECT><DEFECT><SFA><FILEPATH>f:\code\visual studio\spamfiltering\spamfiltering\</FILEPATH><FILENAME>main.c</FILENAME><LINE>33</LINE><COLUMN>8</COLUMN></SFA><DEFECTCODE>6067</DEFECTCODE><DESCRIPTION>_Param_(2) 在对“scanf”调用中必须是字符串地址。实际类型: “char (*)[1024]”。</DESCRIPTION><FUNCTION>main</FUNCTION><DECORATED>main</DECORATED><FUNCLINE>9</FUNCLINE><PATH /></DEFECT></DEFECTS>